expression,annotation
我想吃便宜好吃的云南菜,"模糊范围程度理解,缺失限定语理解,个性化知识理解,特定应用功能,特定语义功能,自主寻找,条件判断,偏好分析,信息存储与提取"
帮我设置明天的闹钟,"不确定目标理解,个性化知识理解,隐性步骤提取,可靠执行,特定语义功能,信息获取,条件判断"
请帮我写一段代码，主要功能是：构建平衡二叉树，代码语言是：c++,"特定语义功能,信息处理,专业,生成"
闹钟定到明天早上7：50，如果我没醒的话，就别管我了，9：30再叫我一次就行,"抗冗余表达干扰,复杂逻辑理解,个性化知识理解,设置条件触发,任务调度,复杂任务,特定语义功能,信息获取,条件判断,信息存储与提取"
请帮我协调其他人的时间，并安排会议,"个性化知识理解,隐性步骤提取,任务调度,信息权限,条件判断,信息存储与提取,通用"
帮我根据现有财产制订投资计划,"个性化知识理解,复杂任务,特定语义功能,自主寻找,信息权限,信息运算,条件判断,信息处理,专业,生成"
添加我的生日到日历,"不确定目标理解,个性化知识理解,隐性步骤提取,特定应用功能,信息权限,信息处理,信息存储与提取"
请帮我写一篇关于密码学的文献综述，2000-3000字左右，要求涵盖近五年来这一领域的主要进展，并且包括必要的梳理、对比和讨论,"大信息量理解,情境感知,自主寻找,条件判断,信息处理,信息存储与提取,通用,专业,生成"
导航至那家上市的创业公司,"定冠词指代理解,缺失限定语理解,模糊表达理解,特定语义功能,自主寻找,条件判断"
帮我更新手机上所有待更新的软件,"构建循环,特定应用功能,特定语义功能,信息权限"
播放追娘娘视频,"不确定方法理解,特定执行动作,特定语义功能,自主寻找,条件判断"
帮我整理一下微信新消息都是哪些人发来的,"隐性步骤提取,特定应用,信息获取,信息处理,信息存储与提取"
请帮我将以下内容翻译成英语，注意信达雅：“xxx”,"语序语气理解,抗冗余表达干扰,特定语义功能,信息获取,信息分析,通用,专业"
播放放松的歌单,"模糊指代理解,口语化表达理解,情境感知,特定执行动作,特定应用功能,特定语义功能,自主寻找,偏好分析"
帮我启动一下扫地机器人,"特定执行器件,特定语义功能"
查询天气预报及穿衣指数,"不确定目标理解,特定语义功能,自主寻找,信息处理,信息存储与提取"
查找电路原理第一章学习资料,"特定语义功能,自主寻找,专业"
查询附近的美食,"不确定方法理解,不确定目标理解,模糊范围程度理解,情境感知,特定语义功能,自主寻找,条件判断,偏好分析,信息处理,信息存储与提取"
今天中午想吃麻婆豆腐,"不确定方法理解,不确定目标理解,模糊范围程度理解,情境感知,特定语义功能,自主寻找,条件判断,信息存储与提取"
查找附近的宠物商店,"模糊范围程度理解,特定应用功能,特定语义功能,自主寻找,条件判断"
念一下我感兴趣的消息,"不确定目标理解,口语化表达理解,情境感知,自主寻找,偏好分析,信息处理,信息存储与提取"
发信息给钱小敏，告诉他我马上就到,"不确定方法理解,口语化表达理解,特定执行动作,特定应用功能,特定语义功能"
请帮我做好日程规划,"不确定方法理解,缺失限定语理解,情境感知,个性化知识理解,特定语义功能,信息获取,信息处理,信息存储与提取,通用"
帮我在室友群问一下他们晚上的安排,"不确定方法理解,不确定目标理解,个性化知识理解,特定执行动作,特定应用功能,特定语义功能,信息获取,条件判断,通用,生成"
帮我在小红书中搜索先农坛的关键词并展示结果,"特定执行动作,特定应用功能,特定语义功能,自主寻找,信息权限,信息分析,信息存储与提取"
DSA课程的ddl是6月29日（表达后自动加入日程）,"不确定目标理解,语义揣测,特定应用功能,特定语义功能,信息分析,信息存储与提取"
请帮我给微信好友车车回复以下信息“好的收到”,"别名理解,抗冗余表达干扰,特定应用功能,信息获取,信息处理,信息存储与提取"
假如你是苏轼，请写一篇议论文来阐述你的人生观,"虚拟语气理解,通用,生成"
拿快递并且拆了,"不确定目标理解,隐性步骤提取,任务调度,特定执行动作,特定语义功能,识别与理解"
我想写一篇关于不确定理论的论文，有哪些角度可以展开,"个性化知识理解,信息获取,条件判断,专业,生成"
你是一个公共管理硕士生，请帮我列出最新的文献,"不确定方法理解,虚拟语气理解,特定应用功能,自主寻找,信息处理,信息存储与提取,通用,专业"
预约明天的门诊号,"不确定目标理解,口语化表达理解,个性化知识理解,特定应用功能,自主寻找,信息处理"
去群里约一下20点飞盘局,"不确定目标理解,模糊指代理解,语序语气理解,句子成分缺失理解,个性化知识理解,隐性步骤提取,任务调度,特定应用功能,信息获取,条件判断,生成"
请帮我调研一下有哪些课题组正在做事件验证法相关的内容,"长任务,自主寻找,信息分析,信息存储与提取,通用,专业"
请帮我打开歌曲《想去海边》,"不确定方法理解,非常规表达理解,特定执行动作,特定应用功能,特定语义功能,自主寻找"
小爱同学，播放歌曲,"语序语气理解,特定执行动作,特定语义功能,偏好分析"
打开微信读书,特定应用
帮我设定早上9点的行程，前往实验室,"不确定目标理解,语序语气理解,特定应用功能,特定语义功能,信息处理,信息存储与提取"
今晚有EDG的游戏实况直播吗,"口语化表达理解,自主寻找,条件判断"
请以商务纠纷为关键词做一篇类案检索和案例分析,"特定语义功能,自主寻找,条件判断,信息处理,信息存储与提取,识别与理解,通用,专业,生成"
帮我看看有哪些任务的紧急程度最高,"不确定目标理解,定冠词指代理解,自主寻找,条件判断,信息处理,通用"
帮我在乒乓球友群里问一声有没有人去打乒乓球,"不确定方法理解,别名理解,语序语气理解,抗冗余表达干扰,任务调度,特定应用功能,特定语义功能,信息获取,信息处理"
甄嬛传电视剧上次看到哪了，接着播放,"不确定方法理解,口语化表达理解,特定执行动作,特定语义功能,自主寻找,条件判断,信息存储与提取"
小元刚刚给我发什么微信消息了,"别名理解,个性化知识理解,特定应用功能,自主寻找,信息权限,设备联通"
如果你是一名研究员，请提供最近5年关于股份回购的相关文献及典型案例,"虚拟语气理解,隐性步骤提取,自主寻找,信息分析,信息存储与提取,通用,专业"
下周二有个中期汇报，帮我设定一下行程安排规划，并且提醒我,"语序语气理解,复杂逻辑理解,情境感知,个性化知识理解,设置条件触发,隐性步骤提取,任务调度,信息获取,条件判断,信息存储与提取,通用"
看看最近去哪里比较便宜,"模糊范围程度理解,口语化表达理解,个性化知识理解,自主寻找,条件判断,信息存储与提取"
【在做高数作业】这道题怎么做,"定冠词指代理解,情境感知,专业,生成"
当我开始出现工作疲劳时提醒我休息一下,"情境感知,设置条件触发,可靠执行,特定应用功能,特定语义功能,设备联通,条件判断,信息存储与提取,通用"
开启有声书功能,"特定应用功能,特定语义功能"
我要睡觉了（拉窗帘、关灯）,"不确定目标理解,情境感知,个性化知识理解,语义揣测,特定执行动作,特定语义功能"
帮我收集一下网上蔡徐坤的信息,"自主寻找,条件判断,信息存储与提取"
请帮我查询“社会心理学”的最新专业术语,"特定语义功能,自主寻找,信息权限,信息运算,条件判断,信息处理,信息存储与提取,通用,专业"
天猫精灵，请打开空调,"口语化表达理解,特定执行动作,特定语义功能"
帮我做个去东南亚的旅行规划，顺便刷一下南航的会员等级,"不确定方法理解,不确定目标理解,口语化表达理解,个性化知识理解,隐性步骤提取,任务调度,特定应用功能,特定语义功能,信息权限,条件判断,偏好分析,信息处理,信息存储与提取,通用,生成"
播放一个摇滚乐的歌单,"不确定方法理解,特定执行动作,特定语义功能,信息获取,条件判断"
换一首歌,"特定执行动作,特定应用功能,特定语义功能,偏好分析"
我想吃川菜（给出推荐餐馆）,"不确定目标理解,情境感知,语义揣测,特定语义功能,信息权限,条件判断"
我需要在2023-12-13做进行组会的事情，请记录并整理日程,"不确定方法理解,情境感知,个性化知识理解,任务调度,特定执行动作,特定应用功能,信息权限,条件判断,信息存储与提取"
定个明天早上的闹钟,"不确定目标理解,模糊范围程度理解,句子成分缺失理解,个性化知识理解,特定应用功能,设备联通"
查一下附近的景点,"不确定方法理解,情境感知,个性化知识理解,特定语义功能,自主寻找,条件判断"
播放《Halo》歌曲,"模糊指代理解,特定执行动作,特定应用功能,特定语义功能,信息获取,信息处理"
我正在学习量子力学，请根据我的学习进度和理解情况，制定一个个性化的学习计划,"抗冗余表达干扰,情境感知,个性化知识理解,信息获取,条件判断,偏好分析,信息存储与提取,识别与理解,专业,生成"
请帮我翻译以下这篇文章,"定冠词指代理解,信息获取,信息分析,信息存储与提取,识别与理解,通用"
请帮我预定我下一个月出游的机票和酒店,"不确定方法理解,不确定目标理解,个性化知识理解,隐性步骤提取,任务调度,特定执行动作,复杂任务,特定语义功能,信息权限,信息处理,信息存储与提取,通用"
明天早上我要在八点前起床（定闹钟）,"不确定方法理解,语义揣测,设置条件触发,特定应用功能,条件判断"
请帮我找我今晚想看的电影，要求是公路旅行电影，帮我下好4k的片源,"个性化知识理解,特定执行动作,特定语义功能,自主寻找,信息权限,信息运算,条件判断,偏好分析,信息处理,信息存储与提取"
推荐评分超过9的惊悚电影，并附上网址,"不确定方法理解,缺失限定语理解,自主寻找,条件判断,偏好分析,信息处理,信息存储与提取"
请以强化学习为关键词搜索并按照重要程度顺序排序,"不确定目标理解,口语化表达理解,情境感知,理解,隐性步骤提取,任务调度,长任务,复杂任务,特定语义功能,自主寻找,信息权限,信息运算,条件判断,偏好分析,信息处理,信息存储与提取,专业,执行"
请帮我设置明天早上10点的闹钟,"不确定方法理解,特定应用功能,信息获取,条件判断"
播放搞笑视频,"特定应用,特定语义功能,信息获取,条件判断,偏好分析"
提示网购平台低价折扣并在授权金额范围内抢单支付,"模糊范围程度理解,情境感知,个性化知识理解,隐性步骤提取,任务调度,特定执行动作,可靠执行,特定应用功能,特定语义功能,信息权限,信息运算,条件判断,偏好分析,信息处理,信息存储与提取"
提醒我下午四点我要抢票,"模糊范围程度理解,口语化表达理解,设置条件触发,特定应用功能,特定语义功能,条件判断,信息存储与提取"
【判生物作业时】帮我检查一下这道题目的正确性,"定冠词指代理解,情境感知,信息获取,信息分析,专业"
打开中央三台,"不确定方法理解,特定执行动作,特定语义功能"
请帮我把我的日程安排导出来并在相应时间提醒我,"不确定方法理解,设置条件触发,任务调度,复杂任务,特定应用功能,特定语义功能,信息权限,信息处理,信息存储与提取,生成"
请帮我对信息内容进行优先级排序,"模糊指代理解,信息运算,条件判断,偏好分析,信息处理"
帮我找一下之前备课的文件,"不确定目标理解,模糊指代理解,自主寻找,信息权限,条件判断,信息存储与提取"
这是一组数据，请问你观察到了什么有价值的信息,"不确定目标理解,定冠词指代理解,信息获取,条件判断,偏好分析,信息处理,通用,专业"
如何提升麻将水平,"个性化知识理解,自主寻找,条件判断,信息处理,信息存储与提取,生成"
请提醒我该睡觉了，不要熬夜,"语序语气理解,抗冗余表达干扰,情境感知,语义揣测,设置条件触发,特定执行动作,可靠执行,特定应用功能,通用,情感,生成"
音量调大,"不确定目标理解,模糊范围程度理解,口语化表达理解,特定执行动作"
推荐5位有趣的博主,"不确定目标理解,自主寻找,信息运算,偏好分析,通用"
我不想听这个，下一个,"不确定目标理解,抗冗余表达干扰,情境感知,特定执行动作,可靠执行,特定应用功能,特定语义功能,信息获取,信息处理"
到清华大学（导航）,"不确定方法理解,语义揣测,自主寻找,信息处理,通用"
要买单了（打开付款码）,"不确定目标理解,抗冗余表达干扰,情境感知,个性化知识理解,语义揣测,可靠执行,特定应用功能,特定语义功能,信息获取,信息处理,信息存储与提取"
播放《七里香》,"特定执行动作,特定语义功能,自主寻找,信息处理"
帮我给李小刚回复“稍等我一下，我马上下楼”消息,"不确定方法理解,语序语气理解,特定应用功能"
请帮我做一份汇报ppt,"不确定目标理解,个性化知识理解,隐性步骤提取,任务调度,特定应用功能,特定语义功能,信息获取,信息处理,信息存储与提取,专业,生成"
“这个调研怎么做”，微信回复文先生,"别名理解,倒装语序理解,特定应用功能,特定语义功能"
告诉我我买的吉他快递到哪了,"不确定方法理解,个性化知识理解,特定应用功能,特定语义功能,自主寻找,信息存储与提取"
寻找比较文学方面的文献,"模糊范围程度理解,特定语义功能,自主寻找,条件判断,偏好分析,信息处理,信息存储与提取,专业"
帮我查找近两年在社会心理学领域的高被引文章,"模糊范围程度理解,自主寻找,信息运算,信息分析,信息存储与提取"
打开猫耳fm继续播放,"特定执行动作,特定应用功能,特定语义功能"
【在闲鱼发布页】帮我决定转让物品的价格并发布链接,"特定应用功能,特定语义功能,信息获取,信息分析,信息存储与提取,通用"
请帮我打开淘宝app，并帮我点GUCCI旗舰店商家的男士香水,"语序语气理解,句子成分缺失理解,特定应用功能,特定语义功能,信息获取,条件判断"
附近有啥好玩的地方,"口语化表达理解,情境感知,个性化知识理解,自主寻找,条件判断,偏好分析,信息处理,信息存储与提取,通用"
再赢一把或者连输三把就睡（自动关机）,"模糊指代理解,语序语气理解,抗冗余表达干扰,情境感知,语义揣测,设置条件触发,特定执行动作,特定语义功能,信息获取,条件判断"
【对着论文pdf】请帮我总结这篇论文的主要内容，用人话,"定冠词指代理解,抗冗余表达干扰,个性化知识理解,自主寻找,信息分析,信息存储与提取,专业,生成"
帮我做一个excel表格,"不确定目标理解,个性化知识理解,语义揣测,特定应用功能,操作,信息处理,信息存储与提取"
帮我收拾东西,"不确定方法理解,不确定目标理解,个性化知识理解,隐性步骤提取,任务调度,特定执行动作,特定语义功能,信息获取,信息处理"
请推荐扬州市的人文景区,"不确定方法理解,自主寻找,信息运算,条件判断,偏好分析,信息处理,信息存储与提取"
现在的天气情况,"情境感知,特定应用功能,自主寻找"
我想知道关于国际关系问题目前的前沿研究,"不确定目标理解,口语化表达理解,自主寻找,信息分析,信息存储与提取,专业"
评价今天的身体健康情况,"不确定目标理解,情境感知,个性化知识理解,信息权限,专业,情感"
帮我检测一下是否感冒发烧了,"情境感知,个性化知识理解,特定语义功能,自主寻找,设备联通,条件判断,信息处理,识别与理解"
和妈妈说最近比较忙，不得空回家吃饭,"不确定方法理解,别名理解,非常规表达理解,语序语气理解,隐性步骤提取,特定应用功能"
明天我能否骑行到天津,"模糊范围程度理解,个性化知识理解,特定语义功能,自主寻找,条件判断,信息处理,通用"
请帮我回复电子邮件，如果有需要我亲自看的告诉我,"不确定目标理解,口语化表达理解,情境感知,个性化知识理解,特定语义功能,信息权限,条件判断,信息处理,信息存储与提取"
播放搞笑视频,"特定执行动作,特定语义功能,信息获取,条件判断,偏好分析"
请帮我安排一顿好吃且能减肥的食谱,"不确定目标理解,非常规表达理解,情境感知,个性化知识理解,隐性步骤提取,任务调度,特定执行动作,自主寻找,信息运算,条件判断,信息处理,信息存储与提取,专业,生成"
天猫精灵，给我讲个故事,"语序语气理解,情境感知,生成"
请帮我打开好友王小五的聊天框,"不确定方法理解,特定应用功能,特定语义功能,信息获取"
请帮我将这段旅行的所有素材剪成一个视频,"模糊范围程度理解,定冠词指代理解,情境感知,设置条件触发,隐性步骤提取,任务调度,特定执行动作,长任务,复杂任务,特定语义功能,信息权限,信息分析,信息存储与提取,识别与理解,通用,生成"
放首歌,"不确定方法理解,语序语气理解,个性化知识理解,特定执行动作,特定语义功能,偏好分析"
看一下我的组会汇报PPT，和我讨论有哪些做的好的、哪些做的不好的，我需要如何改进,"大信息量理解,情境感知,个性化知识理解,特定语义功能,信息获取,条件判断,信息处理,信息存储与提取,识别与理解,生成"
将刚才浏览时间较长的文献下载到作业文件夹,"特定执行动作,长任务,特定应用功能,特定语义功能,自主寻找,设备联通,信息分析,信息存储与提取"
附近哪里有可爱小狗（查找宠物店）,"情境感知,个性化知识理解,语义揣测,特定应用功能,自主寻找"
找个好吃的粤菜馆,"不确定目标理解,情境感知,特定语义功能,自主寻找,偏好分析"
天猫精灵，帮我推荐今日好物,"模糊范围程度理解,口语化表达理解,个性化知识理解,信息获取,信息处理"
预计一小时内有雨时提醒我收衣服,"个性化知识理解,设置条件触发,构建循环,隐性步骤提取,任务调度,特定执行动作,特定应用功能,特定语义功能,信息获取,条件判断,信息存储与提取"
hey，siri，外卖打电话过来就自动回复外卖就放门口吧,"不确定目标理解,缺失限定语理解,非常规表达理解,模糊表达理解,语序语气理解,句子成分缺失理解,理解,设置条件触发,隐性步骤提取,特定语义功能,自主寻找,条件判断,信息存储与提取,智能"
提供项目联系人信息并帮忙约对方开会时间后，自动订腾讯会议，会后自动出一份会议记录,"复杂指令理解,设置条件触发,任务调度,复杂任务,特定应用功能,特定语义功能,信息权限,信息处理,信息存储与提取,通用,生成"
帮我询问一下王小芳今晚什么时候有空打王者荣耀,"不确定方法理解,个性化知识理解,特定应用功能,特定语义功能"
帮我查询一下北京市7月21日的天气预报以及紫外线指数和穿衣指数,"大信息量理解,长任务,特定语义功能,自主寻找,条件判断"
我想知道我的今日运动训练计划是什么,"不确定方法理解,个性化知识理解,自主寻找,条件判断"
播放最近热门歌曲,"模糊范围程度理解,口语化表达理解,特定执行动作,特定应用功能,特定语义功能,信息获取,信息运算,条件判断,信息处理,信息存储与提取,智能"
桌面设置一个好吃的甜品照片,"缺失限定语理解,情境感知,特定应用功能,特定语义功能,自主寻找,信息权限,信息处理,信息存储与提取,生成"
【在材料页面】阅读我写好的辩诉材料，帮我修改,"情境感知,个性化知识理解,信息获取,条件判断,偏好分析,信息存储与提取,识别与理解,专业,生成"
如何提升摄影技巧,"不确定方法理解,别名理解,个性化知识理解,特定语义功能,自主寻找,条件判断,偏好分析,信息处理,通用,专业,生成"
检索并排列当前情况下kpl各战队胜负关系,"模糊范围程度理解,特定语义功能,自主寻找,信息运算,条件判断,信息处理,信息存储与提取"
帮我计划一下这周的日程,"情境感知,个性化知识理解,任务调度,信息权限,信息处理,信息存储与提取,通用"
请在15分钟后叫我,"口语化表达理解,设置条件触发,特定应用功能,特定语义功能"
导航到中关村,"不确定目标理解,模糊指代理解,特定应用功能,特定语义功能,信息获取"
给我妈报个平安,"不确定方法理解,模糊指代理解,语序语气理解,个性化知识理解,特定执行动作,生成"
【预约完一个咸鱼送货订单】定一个明早九点的闹钟,"不确定目标理解,口语化表达理解,情境感知,个性化知识理解,隐性步骤提取,特定应用功能,设备联通,条件判断"
请推荐一些成功创业的经管学长学姐公司的公众号并自动关注,"不确定目标理解,模糊指代理解,特定应用功能,特定语义功能,自主寻找,条件判断,信息存储与提取,通用"
设置下午一点的事项，需要去清华大学经管学院开会,"抗冗余表达干扰,语义揣测,隐性步骤提取,特定应用功能,特定语义功能,信息权限,信息存储与提取"
帮我写一首歌,"专业,生成"
【使用微信读书时】翻到下一页,"特定执行动作,特定应用功能"
【在车上】有点热（开空调）,"模糊范围程度理解,情境感知,语义揣测,隐性步骤提取,特定执行动作,特定语义功能,通用"
请帮我询问快递员小树林快递点在哪里，要怎么去，并在手机地图里打开导航,"不确定方法理解,不确定目标理解,抗冗余表达干扰,复杂逻辑理解,大信息量理解,个性化知识理解,隐性步骤提取,特定应用功能,特定语义功能,信息权限,信息处理,信息存储与提取,通用"
帮我对《未来简史》写一篇读书整理,"个性化知识理解,自主寻找,信息分析,信息存储与提取,生成"
定一个明早9点的闹钟,"不确定方法理解,特定应用功能,特定语义功能,信息获取"
请帮我做一个国奖答辩ppt，要酷炫,"不确定目标理解,抗冗余表达干扰,情境感知,个性化知识理解,任务调度,特定应用功能,信息获取,信息处理,信息存储与提取,专业,生成"
导航到五道口购物中心充电站,"缺失限定语理解,特定语义功能,信息获取,信息处理,信息存储与提取"
打开大众点评，搜索附近5km内评分较高的美食店铺,"模糊范围程度理解,情境感知,语义揣测,特定应用功能,特定语义功能,信息获取,条件判断,信息处理,信息存储与提取"
帮我校对一下这些材料，整理一份校对结果,"定冠词指代理解,抗冗余表达干扰,任务调度,特定语义功能,信息获取,信息处理,信息存储与提取,通用,生成"
打开语音备忘录,"特定应用,特定语义功能"
请明天务必帮我抢到周杰伦的票,"不确定目标理解,抗冗余表达干扰,个性化知识理解,可靠执行,特定应用功能,特定语义功能,信息权限,条件判断"
让我室友帮我取快递,"不确定方法理解,缺失限定语理解,个性化知识理解,隐性步骤提取,特定应用功能,信息获取,生成"
请帮我决定接下来一个月的食谱，要健康，不能重样,"不确定目标理解,情境感知,个性化知识理解,隐性步骤提取,任务调度,信息获取,条件判断,偏好分析,信息存储与提取,生成"
请播放我关注的up主的最新视频,"缺失限定语理解,口语化表达理解,个性化知识理解,特定应用功能,特定语义功能,信息获取,条件判断,信息处理,信息存储与提取"
播放一首周深的歌曲,"不确定目标理解,特定执行动作,特定语义功能,信息获取,条件判断"
这个组员太划水了，你发段消息提点一下他,"不确定方法理解,定冠词指代理解,口语化表达理解,情境感知,个性化知识理解,隐性步骤提取,特定执行动作,信息处理,情感,生成"
请帮我做一个个人简历，要能体现我的牛逼,"不确定目标理解,非常规表达理解,抗冗余表达干扰,情境感知,个性化知识理解,信息获取,信息处理,信息存储与提取,通用,生成"
我目前正准备一个团建活动，帮我做出一份完整的团建方案,"抗冗余表达干扰,情境感知,个性化知识理解,隐性步骤提取,任务调度,特定应用功能,自主寻找,信息运算,条件判断,偏好分析,信息处理,信息存储与提取,生成"
帮我做一个生日蛋糕,"不确定方法理解,个性化知识理解,隐性步骤提取,任务调度,特定执行动作,特定语义功能,信息获取,信息运算,偏好分析,信息存储与提取,通用"
【驾驶时】我要先去看展（改变导航目的地）,"不确定方法理解,不确定目标理解,模糊指代理解,情境感知,个性化知识理解,语义揣测,隐性步骤提取,任务调度,特定应用功能,特定语义功能,信息权限,信息存储与提取"
告诉我现在我需要完成的最紧急的工作是什么，最重要的工作是什么,"不确定方法理解,不确定目标理解,情境感知,特定语义功能,信息权限,条件判断,偏好分析,信息处理,识别与理解"
把这段话翻译成英文并且润色,"定冠词指代理解,特定语义功能,自主寻找,信息分析,信息存储与提取,通用,生成"
【上课时】我想走神一会，帮我记一下,"不确定方法理解,语序语气理解,句子成分缺失理解,抗冗余表达干扰,情境感知,特定应用功能,信息存储与提取,通用"
分析一下王者荣耀当前版本,"模糊指代理解,自主寻找,条件判断,信息处理,信息存储与提取,通用"
明天早上7点提醒我要给导师发文件,"模糊指代理解,情境感知,设置条件触发,特定执行动作,可靠执行,特定语义功能,信息获取,信息存储与提取"
帮我选择一本与犯罪心理学相关的书籍供我阅读,"不确定方法理解,特定语义功能,自主寻找,条件判断,偏好分析,专业"
快递取一下,"不确定方法理解,不确定目标理解,隐性步骤提取,任务调度,特定执行动作,自主寻找"
陪我练一下王昭君英雄,"不确定方法理解,不确定目标理解,语序语气理解,句子成分缺失理解,抗冗余表达干扰,个性化知识理解,语义揣测,特定应用功能,特定语义功能"
我想要写一个科幻故事，给我一些独特的想法,"情境感知,个性化知识理解,偏好分析,通用,生成"
请查找有关于商务纠纷的法律条文,"自主寻找,信息权限,条件判断,信息处理,信息存储与提取,专业"
我很喜欢吃奶贝，还有哪家有类似商品,"个性化知识理解,特定语义功能,自主寻找,信息运算,条件判断,偏好分析"
打开摄像头看一下家里的狗狗在干吗，帮他开个罐头吧,"缺失限定语理解,语序语气理解,抗冗余表达干扰,个性化知识理解,特定执行动作,特定语义功能,自主寻找,信息权限,设备联通,信息处理,识别与理解"
请帮我按照重要程序排序整理这个文件夹的文献,"不确定方法理解,构建循环,隐性步骤提取,任务调度,可靠执行,特定语义功能,设备联通,条件判断,信息处理,信息存储与提取,识别与理解"
半小时后自动关闭B站,"设置条件触发,特定应用功能,特定执行动作"
找个好看的ppt模板,"不确定目标理解,自主寻找,信息运算,条件判断,偏好分析,信息存储与提取,通用"
整理最近的一些外交新闻,"自主寻找,信息权限,条件判断,信息存储与提取"
整理一个养老金相关的政策分析报告，5000字以上,"自主寻找,条件判断,信息处理,信息存储与提取,专业,生成"
最近我的睡眠情况怎么样,"模糊范围程度理解,情境感知,个性化知识理解,特定语义功能,信息权限,信息分析,信息存储与提取,专业"
帮忙规划旅行路线,"不确定目标理解,个性化知识理解,隐性步骤提取,任务调度,特定执行动作,特定应用功能,特定语义功能,自主寻找,信息权限,信息分析,信息存储与提取,通用,专业,生成"
请帮我做一个蛋糕,"情境感知,隐性步骤提取,特定执行动作,可靠执行,特定语义功能,自主寻找,信息运算,偏好分析,信息存储与提取"
查看附近咖啡馆,"模糊范围程度理解,非常规表达理解,情境感知,特定语义功能,自主寻找"
请帮我自动回npy的消息，不能让ta生气,"不确定方法理解,不确定目标理解,非常规表达理解,模糊表达理解,语序语气理解,情境感知,个性化知识理解,语义揣测,设置条件触发,隐性步骤提取,任务调度,特定执行动作,可靠执行,特定应用功能,特定语义功能,自主寻找,信息处理,信息存储与提取,情感,生成"
帮我看看B站影视飓风更新了没有,"别名理解,特定应用功能,特定语义功能,自主寻找,条件判断"
完成数据标注工作最快的方法是什么,"模糊表达理解,语序语气理解,语义揣测,理解,特定语义功能,自主寻找,信息运算,条件判断,信息处理,生成"
让我一个小时之内不要碰手机,"不确定方法理解,语序语气理解,情境感知,设置条件触发,特定语义功能,设备联通"
我要出门了，帮我扫一下地，然后再拖一下,"不确定方法理解,不确定目标理解,抗冗余表达干扰,高级智能理解,隐性步骤提取,任务调度,特定执行动作,长任务,特定语义功能,信息获取,信息运算"
帮我联系相关专业的同学,"个性化知识理解,特定语义功能,自主寻找,设备联通,条件判断,通用"
帮我根据已有信息整理出一篇实验报告,"信息获取,信息处理,信息存储与提取,专业,生成"
把空调温度调到22度,"口语化表达理解,特定执行动作,特定应用功能,条件判断"
请打开小红书,"特定应用,特定语义功能"
帮我画一个关于123app的低保真页面,"不确定方法理解,不确定目标理解,专业,生成"
调研一下脊髓硬膜电刺激恢复运动领域有哪些课题组,"自主寻找,条件判断,信息处理,专业"
播放张杰最新的一首歌,"特定执行动作,特定应用功能,特定语义功能,信息获取,信息运算,信息分析,信息存储与提取"
我想看有趣的下饭视频,"不确定方法理解,模糊指代理解,语义揣测,特定应用功能,特定语义功能,自主寻找,偏好分析"
今天我什么时候晒衣服、什么时候收衣服,"情境感知,语义揣测,隐性步骤提取,特定应用功能,信息获取,条件判断,信息存储与提取,通用"
告诉我应该怎么提高我的写作技巧,"不确定目标理解,个性化知识理解,特定语义功能,信息获取,条件判断,偏好分析,信息处理,生成"
【产品相关资料上传后】生成某产品的文案，要求简洁明了。,"信息获取,信息分析,信息存储与提取,识别与理解,通用,专业,生成"
打开备忘录，记下证件材料放在了第三个柜子里面,"特定应用功能,信息处理,信息存储与提取"
帮我设置7点的闹钟,"不确定目标理解,特定执行动作,特定应用功能"
【写论文时】你现在是一名计算机专业的学生，你需要完成一篇以NLP语言理解为主题的论文，请写出该论文的大纲框架,"虚拟语气理解,情境感知,自主寻找,信息分析,信息存储与提取,专业,生成"
最近有什么娱乐大八卦呢,"模糊范围程度理解,口语化表达理解,隐性步骤提取,自主寻找,条件判断,信息存储与提取,通用"
帮我设置取快递的提醒,"不确定目标理解,个性化知识理解,设置条件触发,特定应用功能,特定语义功能,信息获取"
老番茄更新的视频在我休息时自动跳出播放,"模糊指代理解,语序语气理解,情境感知,个性化知识理解,设置条件触发,任务调度,特定执行动作,特定应用功能,信息获取,条件判断,信息存储与提取,通用"
帮我看看b站关注的up主有没有更新，有更新的话请播放最新视频,"缺失限定语理解,抗冗余表达干扰,任务调度,特定执行动作,可靠执行,特定应用功能,特定语义功能,信息获取,条件判断,信息处理,信息存储与提取"
小说更新提醒我一下,"设置条件触发,特定语义功能,自主寻找,条件判断,信息存储与提取,智能"
搜索如何制作一份好的汇报PPT,"特定语义功能,自主寻找,信息分析,信息存储与提取,专业"
打开keep软件记录运动时长,"特定应用功能,特定语义功能,信息处理,信息存储与提取"
根据我提供的主要观点和参考文献，写一篇discussion paper,"个性化知识理解,信息获取,信息分析,信息存储与提取,专业,生成"
帮我泰勒斯威夫特29日vip区座位的票,"非常规表达理解,口语化表达理解,语义揣测,可靠执行,特定语义功能,信息权限,信息处理"
搜集区块链相关的文献,"特定语义功能,自主寻找,信息分析,信息存储与提取,专业"
请生成一段python代码，需要满足以下需求：ui界面排布16个按钮，点击一个按钮后，按钮变色，然后上述按钮按照4*4分布，请修复,"大信息量理解,特定语义功能,信息处理,专业,生成"
搜索关键词为神经网络的相关文献,"特定语义功能,自主寻找,条件判断,信息存储与提取"
请帮我整理与大语言模型相关的文献,"自主寻找,条件判断,信息存储与提取,通用,专业,生成"
打开摄像头并开启美颜功能,"特定执行动作,特定应用功能,特定语义功能"
生成一段matlab代码，功能如下，输入为长度为2*N的数组，输出为z，功能未知；以上代码报错时，请修复,"大信息量理解,设置条件触发,可靠执行,特定语义功能,自主寻找,条件判断,信息处理,专业,生成"
我想听八卦,"语序语气理解,信息获取,信息处理,通用,生成"
安排我的日程，按照紧急-重要-紧急不重要-重要不紧急的顺序，告诉我今天需要在什么时间完成哪些工作,"抗冗余表达干扰,复杂逻辑理解,情境感知,个性化知识理解,设置条件触发,任务调度,特定执行动作,特定应用功能,特定语义功能,信息获取,条件判断,信息处理,信息存储与提取,通用"
举一个市场型环境政策， 并举例，500字以上,"口语化表达理解,信息获取,条件判断,信息处理,专业,生成"
打开微信和王小明说我出发了,"口语化表达理解,隐性步骤提取,特定应用功能,特定语义功能"
明天早上7点起床（设定闹钟）,"不确定目标理解,语序语气理解,语义揣测,设置条件触发,特定应用功能,自主寻找"
请帮我写一个朋友圈的caption，内容要和我去成都的旅游相关,"情境感知,个性化知识理解,语义揣测,特定应用功能,自主寻找,信息权限,信息处理,信息存储与提取,生成"
帮我设置一个明天早上7点的闹钟,"不确定方法理解,不确定目标理解,构建循环,任务调度,特定应用功能,信息处理,信息存储与提取"
我要千与千寻的钢琴谱,"不确定方法理解,特定语义功能,自主寻找,条件判断,信息存储与提取"
帮我下班打卡,"不确定方法理解,个性化知识理解,特定执行动作"
在互联网上查找并收集关于游泳世锦赛的信息,"自主寻找,条件判断,信息存储与提取,通用"
帮我修一下吉他的弦,"不确定目标理解,特定执行动作,特定语义功能"
我要这篇文章的主要内容：“xxx”,"定冠词指代理解,口语化表达理解,信息获取,信息处理,通用"
你是一位生物科学的博士，请帮我解析以上实验步骤：“xxx”,"虚拟语气理解,信息获取,信息分析,专业"
明天早上7点提醒我要带身份证,"不确定方法理解,个性化知识理解,设置条件触发,特定语义功能,信息权限,条件判断,信息存储与提取"
请帮我推荐一首拉丁爵士风格的歌曲,"个性化知识理解,特定语义功能,自主寻找,条件判断,偏好分析,专业"
整理一下我在3月15日~4月15日期间出错的题目,"信息获取,条件判断,信息存储与提取,专业"
如果你是一名码农，请检查这个代码是否存在错误,"定冠词指代理解,虚拟语气理解,信息权限,条件判断,信息处理,通用,专业"
查一下去深圳市的机票平台比价,"不确定目标理解,特定应用功能,特定语义功能,自主寻找,信息运算,条件判断,信息存储与提取"
根据我的愿望清单，帮我在steam购买打折超过50%的游戏,"个性化知识理解,特定应用功能,特定语义功能,自主寻找,信息权限,信息运算,条件判断,信息处理"
请打电话给塞缪尔,"不确定方法理解,特定应用功能,特定语义功能,自主寻找"
请为我推荐一些人比较少的但是性价比很高的旅游景区,"不确定方法理解,不确定目标理解,模糊范围程度理解,情境感知,个性化知识理解,自主寻找,偏好分析,信息存储与提取,通用"
帮我检查被实验小鼠咬伤的伤口,"情境感知,特定执行动作,特定语义功能,自主寻找,信息运算,条件判断,信息处理,信息存储与提取,识别与理解,专业"
请帮我打开最近拍摄的十张照片,"不确定目标理解,特定应用功能,特定语义功能,自主寻找,信息权限,条件判断"
最近摩托车有出什么新款吗？,"模糊范围程度理解,语序语气理解,自主寻找,条件判断"
这周末我想去杭州或者重庆玩，帮我分别拟一份行程并比较两地的特点,"模糊范围程度理解,情境感知,信息获取,条件判断,偏好分析,信息处理,信息存储与提取,生成"
打给我妈,"不确定方法理解,模糊指代理解,口语化表达理解,特定应用功能"
帮我定7月24日18点的闹钟并备注该吃饭啦,"口语化表达理解,特定应用功能,特定语义功能"
他这样说什么意思，我不想干活但也不想让他觉得我很消极，怎么回复,"句子成分缺失理解,抗冗余表达干扰,情境感知,信息获取,情感,生成"
锁屏并释放白噪音帮我专注,"非常规表达理解,抗冗余表达干扰,情境感知,个性化知识理解,隐性步骤提取,任务调度,特定执行动作,自主寻找,信息运算,条件判断,信息存储与提取"
在刺客信条打折开始1小时后和打折结束1小时前通知我,"设置条件触发,隐性步骤提取,任务调度,特定执行动作,自主寻找,条件判断"
【打算做饭时】小度小度，帮我找到经典淮扬菜的菜谱,"不确定目标理解,情境感知,语义揣测,自主寻找,偏好分析"
美国法和中国法关于未成年人刑事责任问题的看法有什么不同,"自主寻找,条件判断,信息处理,专业"
打开最近文档里的ppt模板,"模糊范围程度理解,特定应用功能,特定语义功能,信息权限,条件判断,信息处理,信息存储与提取"
把这张照片的亮度调高，细节p一下,"定冠词指代理解,模糊表达理解,口语化表达理解,任务调度,特定应用功能,特定语义功能,信息获取,信息处理"
根据今天的天气帮我制定一份夜跑五公里计划,"情境感知,个性化知识理解,隐性步骤提取,任务调度,长任务,复杂任务,特定语义功能,自主寻找,条件判断,偏好分析,信息处理,信息存储与提取,专业,生成"
这是一段python代码，请帮我介绍每一句的具体功能，并对应转换成matlab,"定冠词指代理解,特定语义功能,信息获取,信息分析,信息存储与提取,专业,生成"
回复最新的微信消息：收到,"特定应用功能,信息处理,信息获取,信息存储与提取"
【在开车】累了，不想开车了（开启辅助驾驶）,"不确定方法理解,不确定目标理解,语序语气理解,抗冗余表达干扰,情境感知,语义揣测,隐性步骤提取,特定执行动作,长任务,特定语义功能,条件判断"
用学术的语言润色这段话：“xxx”,"语序语气理解,情境感知,通用,专业,生成"
【使用Excel时】请帮我将表格中的语文成绩数据以从大到小的顺序排在第一列,"特定应用功能,信息运算,条件判断,信息处理,信息存储与提取,通用"
对于多模态学习的应用的学术问题，是否同意我的看法，你的意见是什么,"情境感知,信息获取,条件判断,偏好分析,专业,生成"
打开微信，找到小马宝莉,"不确定目标理解,语义揣测,特定应用功能"
打开王者,"别名理解,特定执行动作,特定应用,特定语义功能"
【选中pdf中的一段文字】这些语句啥意思，为什么写在这里，还有别的同样功能的语句吗？,"定冠词指代理解,情境感知,特定语义功能,信息获取,条件判断,信息处理,信息存储与提取,专业,生成"
有点无聊，推荐点事情做一下,"抗冗余表达干扰,情境感知,个性化知识理解,隐性步骤提取,任务调度,信息获取,偏好分析,信息处理,通用,情感,生成"
帮我搜集一下三维重建领域的学术文章,"特定语义功能,自主寻找,信息运算,信息分析,信息存储与提取,专业"
最近有什么推荐的剧,"模糊范围程度理解,自主寻找,条件判断,偏好分析,信息存储与提取"
本月花呗账单是多少,"特定应用功能,信息权限,信息运算"
我明天要汇报AIGC主题的文献，告诉我需要从哪些方面进行汇报,"不确定目标理解,抗冗余表达干扰,情境感知,个性化知识理解,隐性步骤提取,特定语义功能,信息获取,信息运算,信息分析,信息存储与提取,专业,生成"
打开适合看书的轻音乐歌单,"情境感知,个性化知识理解,特定应用功能,信息获取,条件判断,信息存储与提取"
【在使用闲鱼浏览某商品时】对比市场价格,"特定应用,自主寻找,信息运算,条件判断,偏好分析,信息处理"
推荐有关企业创业史的相关文章,"自主寻找,条件判断,信息存储与提取,通用"
打开车载导航,"特定执行器件,特定应用功能"
帮我收拾宿舍,"不确定方法理解,个性化知识理解,隐性步骤提取,任务调度,特定执行动作,信息获取,条件判断,信息存储与提取,通用"
【在车上】我要避开收费站（选择非高速路线）,"不确定目标理解,口语化表达理解,情境感知,个性化知识理解,语义揣测,隐性步骤提取,自主寻找,条件判断,信息存储与提取"
接下来两个小时的安排,"不确定方法理解,个性化知识理解,长任务,信息权限,条件判断,信息存储与提取"
播放豆瓣评分最高的电影,"隐性步骤提取,特定应用功能,特定语义功能,自主寻找,条件判断,信息处理,信息存储与提取"
请根据我的期末考日程，帮我安排复习计划,"情境感知,个性化知识理解,隐性步骤提取,任务调度,特定执行动作,长任务,复杂任务,信息权限,条件判断,信息存储与提取,专业,生成"
请帮我打开录音机和文字转录，开始记录,"抗冗余表达干扰,特定执行动作,可靠执行,特定应用功能,特定语义功能,信息处理,信息存储与提取"
请推荐一些好玩的单机小游戏,"特定语义功能,信息获取,条件判断,偏好分析,通用"
请帮我搜集整理与深度学习相关的英文文献并进行整理,"特定语义功能,自主寻找,条件判断,信息处理,信息存储与提取,专业"
运动的时候适合听什么音乐,"不确定目标理解,信息获取,条件判断,偏好分析,信息处理,通用"
把桌子上的充电宝拿给我,"特定执行动作,信息获取"
单曲循环我这一周最爱听的歌,"句子成分缺失理解,个性化知识理解,特定语义功能,信息获取,信息运算,偏好分析,信息存储与提取"
请帮我打开小红书搜索最近的娱乐八卦,"模糊范围程度理解,非常规表达理解,特定应用功能,特定语义功能,自主寻找,条件判断"
开启同声传译,"语序语气理解,情境感知,特定执行动作,特定应用功能,设备联通"
明天适合出去玩吗，推荐去哪玩,"不确定方法理解,不确定目标理解,情境感知,个性化知识理解,特定语义功能,自主寻找,条件判断,偏好分析,信息处理,通用"
给妈妈打电话,"不确定方法理解,别名理解,个性化知识理解,特定应用功能,特定语义功能,通用"
给我讲个故事,"情境感知,个性化知识理解,偏好分析,生成"
请帮我读出最新的消息,"不确定目标理解,特定执行动作,自主寻找,信息权限,条件判断,信息存储与提取"
帮我在微信中向张神发送日程信息并计入我的日程提醒,"别名理解,缺失限定语理解,个性化知识理解,隐性步骤提取,任务调度,特定执行动作,特定应用功能,特定语义功能,信息获取,信息分析,信息存储与提取"
帮我搜索清华大学人机交互实验室关键词相关文献及公众号文章信息，并整理到人机交互文件夹,"大信息量理解,复杂任务,特定应用功能,特定语义功能,自主寻找,信息权限,设备联通,信息运算,信息分析,信息存储与提取"
请帮我设置15天后去夏威夷开学术会议日程,"不确定目标理解,模糊范围程度理解,语序语气理解,句子成分缺失理解,特定应用功能,信息获取,条件判断,信息存储与提取"
你看一下我网络学堂的各门课作业，帮我计划一下写作业的日程，写完了帮我交一下,"不确定方法理解,不确定目标理解,口语化表达理解,复杂逻辑理解,个性化知识理解,任务调度,长任务,复杂任务,特定应用功能,信息权限,信息处理,信息存储与提取,通用,专业"
目标地点附近车多不多（打开地图搜索地点查看拥堵水平）,"不确定方法理解,不确定目标理解,模糊范围程度理解,情境感知,语义揣测,特定语义功能,信息获取,条件判断,偏好分析,信息处理"
帮我记录日程，并安排会议时间,"语序语气理解,句子成分缺失理解,情境感知,构建循环,隐性步骤提取,任务调度,特定语义功能,信息获取,条件判断,信息处理,信息存储与提取,通用,生成,执行"
把文字变成图片进行表达,"不确定方法理解,模糊指代理解,识别与理解,通用,生成"
我要周杰伦的吉他谱,"不确定方法理解,不确定目标理解,高级智能理解,特定应用功能,特定语义功能,自主寻找,条件判断,专业"
请帮我决定中午点什么外卖，要养生一点，并送到我的工位,"不确定方法理解,不确定目标理解,模糊范围程度理解,模糊指代理解,情境感知,个性化知识理解,语义揣测,隐性步骤提取,任务调度,特定执行动作,可靠执行,特定语义功能,信息权限,偏好分析,信息存储与提取,通用"
查一下有关提升沟通技巧的方法,"不确定方法理解,情境感知,特定语义功能,自主寻找,条件判断,信息处理,信息存储与提取,通用"
帮我查一下未来一周上海的天气,"不确定目标理解,特定应用功能,特定语义功能,自主寻找,条件判断,信息处理"
拿些消毒的药帮我处理一下伤口,"不确定目标理解,模糊指代理解,口语化表达理解,特定执行动作,可靠执行,信息获取,信息处理,信息存储与提取"
帮我整理一下工作台,"不确定目标理解,个性化知识理解,隐性步骤提取,特定执行动作,特定语义功能,信息获取,信息处理"
帮我把洗完的衣服从烘干机拿出来并在衣柜里挂上,"任务调度,特定执行动作,设备联通,条件判断,识别与理解"
帮我搜一下光伏相关的文献，核心期刊的,"模糊范围程度理解,口语化表达理解,特定语义功能,自主寻找,条件判断,专业"
导航至电影院,"模糊指代理解,情境感知,个性化知识理解,特定执行动作,特定应用功能,特定语义功能,信息获取"
查一下附近的酒店价格和距离,"自主寻找,信息运算,条件判断,信息处理,通用"
【在一篇公众号文章界面】针对这个话题，你有哪些学术创意？,"自主寻找,条件判断,信息处理,识别与理解,专业,生成"
请给出优化ppt的方法,"不确定目标理解,情境感知,信息获取,信息运算,信息分析,信息存储与提取,专业,生成"
帮我给我妈打个电话,"模糊指代理解,个性化知识理解,特定应用功能,特定语义功能"
如果你是一名秘书，请将接下来的会议内容提取要点，缩减至1000字以内,"不确定目标理解,缺失限定语理解,虚拟语气理解,抗冗余表达干扰,情境感知,隐性步骤提取,信息获取,信息分析,信息存储与提取,通用"
hi Siri，打开微信,特定应用功能
"请帮我翻译学术名词""xxx""","自主寻找,信息分析,信息存储与提取,专业"
查找清华大学到北京大学的路线,"不确定目标理解,特定应用功能,特定语义功能,自主寻找,条件判断,信息处理"
请为我推荐最近新上的优质电影,"个性化知识理解,自主寻找,条件判断,偏好分析,信息处理,通用"
【浏览照片时】帮我P一下这张图,"情境感知,特定应用功能,自主寻找,信息权限,信息处理,识别与理解,专业"
帮我查查最近这些网购平台有没有优惠活动,"定冠词指代理解,特定应用功能,自主寻找,条件判断,偏好分析,信息处理,信息存储与提取,通用"
请以更学术的方式表达下面这段话的意思：“xxx”,"语序语气理解,信息分析,专业,生成"
帮我查查这个案例涉及到的相关的法律条例,"自主寻找,信息权限,条件判断,信息处理,信息存储与提取,识别与理解,专业"
hey，siri，最近有什么比较奇葩的社会新闻吗？,"口语化表达理解,自主寻找,偏好分析"
请帮我设置一天热量摄取不超过2000卡路里，超过后进行提醒,"模糊范围程度理解,个性化知识理解,设置条件触发,隐性步骤提取,任务调度,特定应用功能,信息权限,条件判断,信息存储与提取,专业"
【对一张图片】帮我P图,"不确定目标理解,模糊指代理解,特定应用功能,识别与理解,通用,专业"
请帮我润色并翻译以下段落，要求重复率不高于20%：“xxx”,"自主寻找,信息运算,信息存储与提取,通用,生成"
我明晚要开部门会，帮我安排一下（定时间地点、联系开会人、写会议流程）,"口语化表达理解,个性化知识理解,语义揣测,隐性步骤提取,任务调度,长任务,特定语义功能,信息获取,信息处理,信息存储与提取,生成"
出门后打扫客厅,"不确定方法理解,不确定目标理解,情境感知,设置条件触发,隐性步骤提取,特定执行动作,可靠执行,智能"
提醒我回复张小红微信消息,"不确定目标理解,情境感知,设置条件触发,特定应用功能,特定语义功能"
搜索最新一期管理世界,"特定语义功能,自主寻找,条件判断"
查找去大理的旅游攻略,"口语化表达理解,情境感知,特定语义功能,自主寻找,信息处理,信息存储与提取,通用"
打开抖音，刷到末日文视频，我要睡觉啦,"语义揣测,设置条件触发,特定应用功能,特定语义功能,自主寻找,条件判断,信息处理,信息存储与提取"
搜索去潭柘寺的路线,"非常规表达理解,特定语义功能,自主寻找,信息处理"
小度小度，请调到舒适模式,"语序语气理解,特定应用功能"
请帮我读所有未读消息并进行回复，重要的进行标记,"不确定目标理解,任务调度,特定执行动作,长任务,特定应用功能,信息权限,信息运算,条件判断,偏好分析,信息存储与提取,识别与理解"
回一下导师的消息说最新版本的项目书今晚发给他,"不确定方法理解,别名理解,抗冗余表达干扰,可靠执行,信息获取,信息处理,信息存储与提取"
帮我提一些关于烹饪的创新想法,"不确定目标理解,模糊范围程度理解,情境感知,特定语义功能,自主寻找,偏好分析,信息存储与提取,通用,生成"
我要出门了，5点钟到家，把被套换洗一下烘干，换上新买的那套,"不确定目标理解,模糊指代理解,语序语气理解,抗冗余表达干扰,个性化知识理解,任务调度,特定执行动作,长任务,特定语义功能,信息获取,信息分析,信息存储与提取"
给我讲清楚这篇文献在说什么,"定冠词指代理解,口语化表达理解,自主寻找,条件判断,信息处理,专业,生成"
按照Lancet的风格，润色这篇文章,"信息获取,信息处理,信息存储与提取,专业,生成"
【在卧室】打开空调，设置空调为26度,"情境感知,特定执行动作,特定语义功能"
选择最优选的去八大处的路线,"不确定方法理解,不确定目标理解,自主寻找,条件判断,偏好分析,信息处理"
你是股份回购领域的专家，请你用通俗、简洁的语言向一位初学者介绍事件验证法的概念与要点,"虚拟语气理解,信息获取,信息运算,条件判断,信息处理,专业,生成"
哪家咖啡适合我？,"情境感知,个性化知识理解,特定应用功能,特定语义功能,自主寻找,条件判断,偏好分析,信息处理,信息存储与提取"
帮我把往年题文档里的高数问题按照知识点进行分类整理,"信息权限,条件判断,信息处理,信息存储与提取,识别与理解,专业"
最近LV店有什么新品推出吗,"自主寻找,条件判断"
请帮我看看门口是谁,"口语化表达理解,情境感知,特定语义功能,自主寻找,信息权限,设备联通,信息处理,识别与理解"
你帮我整理一下这几篇文献,"省略信息理解,定冠词指代理解,自主寻找,信息分析,信息存储与提取,识别与理解,通用,专业"
用鲁迅的风格改写这段小说：“xxx”,"定冠词指代理解,信息处理,通用,生成"
hey，siri，帮我调研一下股份回购相关知识,"自主寻找,信息权限,信息处理,通用"
【选中一个单词】这个单词是什么意思，怎么读,"不确定方法理解,定冠词指代理解,特定应用功能,特定语义功能,自主寻找,条件判断,通用"
请问这题应该怎么做，这么做有什么问题吗,"省略信息理解,定冠词指代理解,非常规表达理解,语序语气理解,句子成分缺失理解,个性化知识理解,信息权限,条件判断,识别与理解,专业"
养老金的计算方式,"语序语气理解,语义揣测,自主寻找,条件判断,信息处理"
我要听抒情歌,"不确定方法理解,情境感知,个性化知识理解,语义揣测,特定执行动作,特定应用功能,特定语义功能,信息获取,条件判断"
【在线上参会】我去上厕所，帮我记一下，有人叫我就震动手环,"模糊表达理解,语序语气理解,抗冗余表达干扰,情境感知,个性化知识理解,语义揣测,设置条件触发,隐性步骤提取,任务调度,特定执行动作,特定应用功能,特定语义功能,设备联通,信息存储与提取"
你看看我这学期哪几门课有小组作业，提前分一下工，排好时间线和每个阶段的日程,"省略信息理解,复杂指令理解,个性化知识理解,特定语义功能,信息获取,信息运算,条件判断,信息处理,信息存储与提取,通用"
请帮我去买感冒药，帮助我快点好能参加明天的考试,"不确定目标理解,倒装语序理解,句子成分缺失理解,抗冗余表达干扰,情境感知,个性化知识理解,任务调度,长任务,复杂任务,特定语义功能,信息权限,条件判断,信息存储与提取,通用,专业,生成"
你了解新能源领域吗？我想写一篇关于这个的文献综述，你能给点建议吗？,"抗冗余表达干扰,自主寻找,条件判断,信息处理,信息存储与提取,专业,生成"
请帮我选择一条最近的道路,"不确定目标理解,情境感知,隐性步骤提取,任务调度,特定执行动作,特定应用功能,特定语义功能,信息权限,信息分析"
告诉我附近有哪些好玩的景点,"口语化表达理解,情境感知,自主寻找,条件判断,偏好分析,信息处理,信息存储与提取"
"打开微信,给梅老师打电话","别名理解,特定应用功能"
帮我推荐一首歌,"不确定目标理解,情境感知,个性化知识理解,特定语义功能,信息获取,条件判断,偏好分析,信息处理,信息存储与提取,情感,生成"
请问我今天有什么安排？,"个性化知识理解,自主寻找,信息权限,条件判断,信息存储与提取"
打开B站，继续播放昨天没看完的番,"不确定目标理解,个性化知识理解,特定执行动作,特定应用功能,特定语义功能,信息获取,条件判断,信息存储与提取"
把衣服晾干并且明天收起来,"不确定方法理解,模糊范围程度理解,设置条件触发,构建循环,任务调度,特定执行动作,操作,通用"
【在腾讯会议中】帮我记录此次会议重要内容,"定冠词指代理解,特定应用功能,信息权限,条件判断,信息存储与提取,通用"
查一下明天的课表和上课地点,"缺失限定语理解,个性化知识理解,自主寻找,信息权限,条件判断,信息存储与提取"
请帮我记录生活中有趣美好的小事，并在每天晚上回放给我,"模糊范围程度理解,口语化表达理解,情境感知,个性化知识理解,构建循环,隐性步骤提取,特定执行动作,长任务,复杂任务,特定语义功能,自主寻找,偏好分析,信息存储与提取,通用,情感,生成"
我今天有点不舒服，请评价我是否生病，是否需要看医生,"不确定目标理解,抗冗余表达干扰,情境感知,信息权限,条件判断,信息处理,专业"
线上会议你听一下哈，感觉要cue我了就提醒我哈，我先睡了,"非常规表达理解,语序语气理解,句子成分缺失理解,抗冗余表达干扰,复杂逻辑理解,情境感知,语义揣测,设置条件触发,任务调度,长任务,特定应用功能,特定语义功能,自主寻找,条件判断,信息存储与提取,识别与理解"
"帮我润色一下这段对于实验结果的描述:""xxx""","定冠词指代理解,情境感知,自主寻找,信息处理,通用,生成"
请给出与NLP相关的10篇重要文献，要求被引用量大于100,"不确定方法理解,自主寻找,条件判断,信息处理,专业"
今天有没有娱乐方面的热搜，给我读一下,"特定执行动作,自主寻找,信息权限,条件判断,偏好分析,信息处理,信息存储与提取"
请帮我拨通电话给刘小昂,"非常规表达理解,高级智能理解,特定执行动作,特定应用功能,操作,信息获取"
算一下es本赛季能进决赛的概率,"信息获取,信息运算,条件判断,信息处理,通用"
明天的天气如何，是否适合打羽毛球,"特定语义功能,自主寻找,信息权限,条件判断,信息处理"
最近内蒙古适合避暑吗,"模糊范围程度理解,自主寻找,条件判断,生成"
【在照片编辑页面】曝光和饱和度调高一点,"情境感知,个性化知识理解,特定应用功能,特定语义功能,专业"
分析一下版本各分路强势英雄,"模糊指代理解,个性化知识理解,自主寻找,条件判断,信息处理,通用,专业"
把空调温度调到26度，模式改为抽湿模式,"不确定方法理解,不确定目标理解,非常规表达理解,特定执行动作,长任务,特定语义功能,信息处理"
附近都有谁在出租房子？最好是个人出租，不要中介，如果有图片视频一起传我，硬性要求是3000以下，独立房间，不要厨隔厅隔,"不确定方法理解,不确定目标理解,模糊范围程度理解,模糊指代理解,抗冗余表达干扰,复杂逻辑理解,大信息量理解,个性化知识理解,特定语义功能,自主寻找,信息权限,条件判断,信息存储与提取"
请帮我查一下费马小定理,"特定语义功能,自主寻找,条件判断"
打开空调，把空调调到26度,"特定执行动作,特定语义功能"
下载《唐吉坷德》电子书导入微信读书,"复杂任务,特定应用功能,特定语义功能,自主寻找,信息权限,信息处理,信息存储与提取"
设置闹钟为12点,"不确定目标理解,口语化表达理解,特定执行动作,特定应用功能,信息存储与提取"
请帮我推荐一些讲述创业成功人士的经历的文章,"自主寻找,条件判断,信息处理"
点一杯拿铁,"不确定方法理解,不确定目标理解,情境感知,个性化知识理解,特定执行动作,特定语义功能"
请帮我将线上会议进行自动录制，在会议结束后自动音译成文档，并总结会议内容,"缺失限定语理解,大信息量理解,情境感知,设置条件触发,任务调度,长任务,复杂任务,特定应用功能,特定语义功能,信息获取,信息分析,信息存储与提取,识别与理解,通用,生成"
打开Thenyoung十月up主的最新视频,"隐性步骤提取,特定应用功能,特定语义功能,信息获取,条件判断"
找个不去开组会的恰当理由发给导师,"模糊指代理解,情境感知,个性化知识理解,信息获取,信息分析,生成"
请帮我调研生物冷冻电镜领域，告诉我诺奖级别的新idea，并且帮我设计实验,"自主寻找,信息分析,信息存储与提取,通用,专业,生成"
打开游戏交流群或贴吧，自动搜集一些大神的观点和策略以邮件的方式发给自己,"理解,任务调度,特定应用功能,特定语义功能,自主寻找,信息权限,信息运算,信息分析,信息存储与提取,识别与理解,专业,生成,执行"
导航去天坛,"特定应用功能,特定语义功能,信息获取,信息处理,信息存储与提取"
【打开一个pdf】请帮我看这篇论文，并做一页总结ppt,"定冠词指代理解,隐性步骤提取,任务调度,特定执行动作,可靠执行,特定应用功能,特定语义功能,信息获取,信息处理,信息存储与提取,识别与理解,通用,生成"
请帮我将以下内容以PPT的形式导出,"特定应用功能,特定语义功能,信息获取,信息处理,信息存储与提取,通用"
文明用语骂一下只会送头的队友,"模糊指代理解,口语化表达理解,个性化知识理解,偏好分析,情感,生成"
我今天感觉有点压力，给我一些正面的心理反馈,"情境感知,个性化知识理解,信息获取,信息处理,信息存储与提取,情感,生成"
看一下冰箱里有什么食材能做什么菜，找个菜谱,"不确定方法理解,特定语义功能,自主寻找,信息权限,设备联通,条件判断,偏好分析,信息处理,信息存储与提取"
我要三千块预算以内性价比最高的上海旅游攻略,"不确定方法理解,模糊范围程度理解,语义揣测,特定语义功能,自主寻找,信息运算,条件判断,信息处理,信息存储与提取,通用"
我要结账了（打开付款码）,"口语化表达理解,个性化知识理解,语义揣测,隐性步骤提取,特定应用功能,特定语义功能"
请播放一首我爱听的类型的歌曲,"模糊指代理解,情境感知,个性化知识理解,语义揣测,特定执行动作,特定应用功能,特定语义功能,信息获取,信息分析"
明天零点给小陈发生日祝福并发一个500元转账,"不确定方法理解,别名理解,复杂指令理解,设置条件触发,隐性步骤提取,特定应用功能,特定语义功能,信息权限,条件判断,信息存储与提取,生成"
提醒我早点入睡,"不确定方法理解,模糊范围程度理解,语序语气理解,句子成分缺失理解,情境感知,特定应用功能,特定语义功能,通用"
播放我感兴趣的视频,"不确定方法理解,特定执行动作,特定语义功能,信息获取,信息运算,偏好分析,智能"
在小红书上找一下上海旅游攻略,"自主寻找,特定应用功能,特定应用,特定语义功能"
连一下校园网后更新游戏,"模糊指代理解,个性化知识理解,设置条件触发,任务调度,特定应用功能,特定语义功能,信息权限,设备联通,条件判断,信息存储与提取"
想看喜剧片，找个电影投屏吧,"情境感知,个性化知识理解,隐性步骤提取,特定执行动作,特定语义功能,自主寻找,设备联通,条件判断,偏好分析"
帮我做一下旅游规划，尽量避开杭州市人流很多和经常堵车导致旅游体验感下降的地方,"复杂逻辑理解,个性化知识理解,隐性步骤提取,任务调度,长任务,复杂任务,特定语义功能,自主寻找,条件判断,偏好分析,信息处理,信息存储与提取,生成"
帮我报销上周出差的机票钱,"不确定目标理解,缺失限定语理解,个性化知识理解,特定语义功能,信息权限,条件判断,信息存储与提取"
我要开始打游戏（关闭消息提醒）,"不确定方法理解,不确定目标理解,模糊指代理解,语义揣测,隐性步骤提取,特定应用"
请为我推荐附近的美食,"情境感知,个性化知识理解,特定语义功能,自主寻找,信息运算,偏好分析,信息处理,通用"
打开车内空调,"特定执行动作,特定语义功能"
请帮我查询PTSD名词是什么意思,"特定语义功能,自主寻找,信息处理,信息存储与提取"
请打开抖音,"特定应用,特定语义功能"
定一个李佳琪美妆产品上架的提示闹钟,"模糊范围程度理解,设置条件触发,特定语义功能,信息获取,条件判断,信息存储与提取"
把我最近一周听的歌分享给我的朋友,"个性化知识理解,特定语义功能,自主寻找,信息处理,信息存储与提取"
天猫精灵，请播放最近流行的歌曲,"口语化表达理解,特定执行器件,特定应用功能,特定语义功能,自主寻找,信息运算,条件判断,信息处理,信息存储与提取,识别与理解"
找找附近评分高的甜品店,"模糊范围程度理解,情境感知,自主寻找,条件判断"
请为我推荐最近新上的热播电视剧,"个性化知识理解,自主寻找,条件判断,偏好分析,信息处理,通用"
打开腾讯会议并关闭摄像头,"特定执行动作,特定应用功能,特定执行器件"
【对着当前的文档】制作成表格,"语义揣测,特定执行器件,特定应用功能,特定语义功能,信息获取,信息处理,信息存储与提取,通用"
hey，siri，我上次小说看到哪了？帮我读一下,"缺失限定语理解,非常规表达理解,口语化表达理解,情境感知,个性化知识理解,特定应用功能,自主寻找,设备联通,信息处理,信息存储与提取"
天猫精灵，我要购买新的骨传导耳机,"不确定目标理解,个性化知识理解,语义揣测,特定语义功能,信息获取,偏好分析"
帮我把这个文档做成好看的ppt,"不确定目标理解,定冠词指代理解,特定应用功能,信息获取,信息运算,偏好分析,信息存储与提取,专业,生成"
你是一个美食家，请给我推荐一些理想的川菜馆,"不确定目标理解,虚拟语气理解,情境感知,个性化知识理解,特定语义功能,信息获取,条件判断,偏好分析,通用"
证明一下勾股定理,"信息运算,专业,生成"
帮我查一下乐高的新品并按价格排序,"模糊范围程度理解,特定语义功能,自主寻找,信息运算,条件判断,信息处理"
设置组会日程,"个性化知识理解,任务调度,可靠执行,特定语义功能,信息获取,信息处理,信息存储与提取"
请帮我播放跑步音乐,"不确定目标理解,模糊指代理解,个性化知识理解,特定执行动作,特定应用功能,特定语义功能,信息获取"
如果你是一个智能家居的设计师，你需要考虑到哪些用户体验因素，请尽可能全面而详细地回答,"虚拟语气理解,抗冗余表达干扰,情境感知,通用,专业,生成"
故宫明天的门票预约满了吗,"不确定方法理解,自主寻找,信息权限,条件判断"
切歌,"特定执行动作,特定应用功能,特定语义功能"
请列出国内适合穷游的地方,"不确定方法理解,个性化知识理解,自主寻找,条件判断,偏好分析,信息存储与提取"
我有什么重要的消息该回复,"不确定目标理解,模糊范围程度理解,个性化知识理解,自主寻找,信息权限,条件判断,偏好分析,信息存储与提取"
【在和老师的聊天界面，老师刚布置了一个写稿任务】帮我完成老师给我的这个任务，不需要太认真但是不要让人觉得是AI写的,"定冠词指代理解,抗冗余表达干扰,复杂逻辑理解,情境感知,任务调度,特定语义功能,自主寻找,条件判断,信息存储与提取,识别与理解,生成"
帮忙写一下电路原理的实验报告,"个性化知识理解,通用,专业,生成"
根据大众点评上的美食店推荐，规划最优路线,"情境感知,隐性步骤提取,任务调度,特定应用功能,自主寻找,偏好分析,信息存储与提取"
导航到清华大学（导航）,"不确定方法理解,模糊范围程度理解,情境感知,特定执行动作,特定语义功能,自主寻找"
十一点之前不玩手机（开启Forest种树）,"不确定方法理解,不确定目标理解,语序语气理解,语义揣测,设置条件触发"
打开我的行程安排,"不确定方法理解,缺失限定语理解,特定应用功能,信息权限,信息处理"
帮我拒绝不必要的社交,"不确定方法理解,模糊范围程度理解,个性化知识理解,条件判断,偏好分析,信息处理,信息存储与提取,通用,生成"
下一周安排以下任务：“xxx”，处理你自己可以处理的部分,"不确定方法理解,不确定目标理解,口语化表达理解,个性化知识理解,语义揣测,设置条件触发,隐性步骤提取,任务调度,特定执行动作,特定语义功能,自主寻找,信息权限,条件判断,信息处理,信息存储与提取,通用,执行"
压力太大了能不能帮我放松一下心情,"情境感知,个性化知识理解,通用,情感,生成"
出门后清洁房间,"不确定方法理解,不确定目标理解,句子成分缺失理解,情境感知,隐性步骤提取,特定执行动作,长任务,特定语义功能"
请帮我打开窗帘,"特定执行动作,可靠执行,特定语义功能"
去大理玩三天，推荐美食路线,"不确定方法理解,不确定目标理解,情境感知,个性化知识理解,自主寻找,条件判断,偏好分析,信息存储与提取,通用,生成"
请打开扫地机器人，洗衣机和烘干机,"任务调度,特定执行动作,长任务,特定语义功能"
打开网易云音乐播放爱人错过,"特定执行动作,可靠执行,特定应用功能,特定语义功能,信息获取,信息分析"
找一下矫正拖延的方式,"不确定目标理解,情境感知,特定语义功能,自主寻找,条件判断,信息处理,信息存储与提取,专业,情感,生成"
根据今天的微信聊天记录把关键事项写进本周日程,"模糊范围程度理解,个性化知识理解,任务调度,特定应用功能,自主寻找,信息权限,信息分析,信息存储与提取,识别与理解"
根据过往情况，判断一下我完成任务清单的可能性,"情境感知,个性化知识理解,特定语义功能,信息权限,条件判断,偏好分析,信息存储与提取,生成"
你是我的秘书，帮我安排我的日程，并每天提醒我在什么时候需要处理什么工作，我不想拖延，也不想迟到,"抗冗余表达干扰,大信息量理解,个性化知识理解,设置条件触发,任务调度,长任务,信息权限,条件判断,信息存储与提取,通用"
【对着一个论文网页】你是超导领域的专家，请帮我概括一下这篇论文的主旨,"定冠词指代理解,虚拟语气理解,自主寻找,信息分析,识别与理解,通用,专业"
【开车】快没油了，找个加油站,"不确定方法理解,不确定目标理解,缺失限定语理解,抗冗余表达干扰,情境感知,隐性步骤提取,特定应用功能,特定语义功能,自主寻找,条件判断"
帮我联系下小红书上六道口附近的中介，你去看一下房，视频传我,"抗冗余表达干扰,复杂指令理解,情境感知,隐性步骤提取,任务调度,长任务,复杂任务,特定语义功能,设备联通,信息处理,信息存储与提取,生成"
今天晚餐吃什么,"不确定目标理解,个性化知识理解,自主寻找,条件判断,偏好分析"
卡利斯马表现怎么翻译,"特定语义功能,自主寻找,信息处理,通用"
设定每天22点提示强制关机,"设置条件触发,构建循环,特定执行动作,特定应用功能"
帮我润色一下这段小说的语言,"定冠词指代理解,信息处理,通用,专业,生成"
我要去广西旅行（规划行程）,"不确定方法理解,不确定目标理解,个性化知识理解,语义揣测,规划,自主寻找,条件判断,偏好分析,通用,生成"
小度小度，我心情不好（播放治愈音乐）,"情境感知,个性化知识理解,语义揣测,特定应用功能,通用,情感,生成"
我最近想看情感类戏剧，找一个符合我审美的并定周四晚的票,"口语化表达理解,复杂逻辑理解,情境感知,个性化知识理解,特定语义功能,自主寻找,信息权限,条件判断,偏好分析,信息处理,信息存储与提取"
这局我该选什么英雄，采取什么策略，能打赢吗,"不确定方法理解,不确定目标理解,定冠词指代理解,抗冗余表达干扰,情境感知,特定应用,条件判断,专业,生成"
(麻将）下一张牌打八万,"模糊指代理解,情境感知,特定执行动作,特定语义功能,信息获取,信息处理,识别与理解"
你是一个访谈者，需要就中国新能源汽车发展主题开展访谈，请制定一份访谈提纲,"虚拟语气理解,情境感知,自主寻找,条件判断,信息处理,信息存储与提取,专业,生成"
水池里的碗洗干净架起来，地面也清理一下，我到家时帮我煮好米饭，调好空调,"不确定方法理解,不确定目标理解,复杂逻辑理解,情境感知,语义揣测,设置条件触发,隐性步骤提取,任务调度,特定执行动作,可靠执行,特定语义功能,设备联通,信息处理,信息存储与提取"
你看看我这学期哪几门课有论文，帮我想几个选题，收集对应素材,"不确定目标理解,模糊指代理解,个性化知识理解,自主寻找,条件判断,偏好分析,信息存储与提取,专业"
帮我检查文章,"不确定方法理解,不确定目标理解,模糊指代理解,特定语义功能,自主寻找,信息分析,专业"
小度，晚上11点关闭所有的电灯,"语序语气理解,情境感知,设置条件触发,构建循环,特定执行器件,特定应用功能"
开启去世一大的步行导航,"不确定方法理解,别名理解,非常规表达理解,语序语气理解,个性化知识理解,隐性步骤提取,特定执行动作,特定应用功能,特定语义功能,信息获取,条件判断"
我明天要跟导师汇报xx主题的文献综述，按照这个格式，帮我把现在找到的文献内容整理进模板里,"定冠词指代理解,抗冗余表达干扰,复杂逻辑理解,情境感知,隐性步骤提取,自主寻找,信息处理,信息存储与提取,通用,专业"
我要回家,"不确定方法理解,不确定目标理解,模糊指代理解,情境感知,个性化知识理解,语义揣测,隐性步骤提取,特定应用功能"
打开B站,"别名理解,特定执行动作,特定语义功能"
帮我预定一下从北京市前往天津市的耗时最短的高铁二等座，如果在其他票务平台有优惠券可以使用的话请一并使用,"不确定方法理解,不确定目标理解,模糊范围程度理解,复杂逻辑理解,语义揣测,隐性步骤提取,任务调度,特定执行动作,复杂任务,特定应用功能,特定语义功能,信息权限,信息运算,条件判断,信息处理"
设置明天的闹钟并告知当时的天气情况,"不确定目标理解,口语化表达理解,个性化知识理解,隐性步骤提取,特定应用功能,特定语义功能,自主寻找,信息权限,条件判断,信息存储与提取"
帮我制定一下做的计划,"句子成分缺失理解,情境感知,个性化知识理解,构建循环,隐性步骤提取,任务调度,信息获取,信息处理,生成"
帮我规划一下去秦皇岛该玩哪些，定个计划,"个性化知识理解,设置条件触发,构建循环,隐性步骤提取,任务调度,特定执行动作,长任务,复杂任务,自主寻找,条件判断,偏好分析,信息存储与提取,通用,专业,生成,执行"
帮我做一道家乡菜,"不确定目标理解,模糊范围程度理解,个性化知识理解,隐性步骤提取,任务调度,特定执行动作,可靠执行,信息获取,信息处理,信息存储与提取"
请帮我处理班干部管理事务，收集返校情况,"抗冗余表达干扰,情境感知,隐性步骤提取,任务调度,信息获取,信息处理,信息存储与提取,通用"
打开番茄TODO,"特定应用,特定语义功能"
找几个适合在家进行的锻炼方式,"情境感知,自主寻找,条件判断,偏好分析,信息处理,信息存储与提取,专业,生成"
朗读今天的微博热搜,"特定执行动作,特定应用功能,特定语义功能,信息获取,信息处理"
在相亲相爱一家人群聊中说祝大家元旦快乐,"不确定目标理解,特定执行动作,特定应用功能,特定语义功能"
打开支付宝扫码,"特定执行动作,特定应用功能,特定执行器件"
请帮我翻译以下文章：“xxx”,"语义揣测,特定语义功能,自主寻找,信息运算,信息存储与提取,通用"
每月15号定一个早上8点的闹钟提醒我交电费,"设置条件触发,构建循环,任务调度,长任务,复杂任务,特定应用功能,特定语义功能,自主寻找,信息处理,信息存储与提取"
推荐好用的网球运动装备,"个性化知识理解,特定语义功能,自主寻找,信息运算,偏好分析,信息存储与提取,通用"
请根据我的日程表提醒我的每一个计划，并提前告知现状信息，例如我晚上9点睡觉，提示为：现在是晚上8：30，离睡觉还有半小时，请提前记得吃药、打游戏等,"抗冗余表达干扰,大信息量理解,情境感知,设置条件触发,构建循环,隐性步骤提取,任务调度,特定语义功能,信息权限,信息运算,信息存储与提取,通用"
搜集股份回购相关的外文文献并翻译成中文,"隐性步骤提取,可靠执行,特定语义功能,自主寻找,信息处理,信息存储与提取,专业"
请判断我的睡眠周期,"信息权限,信息运算,条件判断,信息处理,专业"
帮我收藏一下今天看过的小说,"隐性步骤提取,特定应用功能,自主寻找,条件判断,信息存储与提取"
打开微信软件中我和王熙凤的对话,"非常规表达理解,个性化知识理解,特定应用功能,特定语义功能,信息权限,信息处理,信息存储与提取"
请每隔一个小时告诉我时间,"设置条件触发,构建循环,任务调度,特定执行动作,可靠执行,信息获取,信息运算,信息存储与提取"
请帮我修改论文中的英文部分语法错误及润色,"模糊指代理解,个性化知识理解,自主寻找,信息分析,信息存储与提取,通用,专业,生成"
在日程中标记2023-9-24为ddl,"模糊范围程度理解,情境感知,特定应用功能,信息获取,信息处理,信息存储与提取"
我要睡觉（关灯）,"语序语气理解,情境感知,个性化知识理解,语义揣测,特定执行动作,特定语义功能,设备联通"
点一个外卖并备注12点送到，直接放门口就行,"不确定目标理解,模糊指代理解,语序语气理解,抗冗余表达干扰,情境感知,构建循环,隐性步骤提取,任务调度,特定执行动作,可靠执行,特定应用功能,特定语义功能,信息权限,条件判断,信息存储与提取"
帮我回复一下新的微信消息说我稍后回复,"缺失限定语理解,抗冗余表达干扰,特定执行动作,特定应用功能,特定语义功能"
与清华大学的创新项目进展情况,"自主寻找,信息权限,条件判断"
请在日历中7月31日18点-22点设定赶飞机日程,"特定应用功能,特定语义功能,信息获取,信息处理,信息存储与提取"
请帮我打电话给张三,"特定应用功能,特定语义功能,信息获取,信息存储与提取,通用"
请帮我将不模糊的照片洗出并寄给照片里的人,"不确定方法理解,不确定目标理解,模糊表达理解,抗冗余表达干扰,高级智能理解,隐性步骤提取,特定执行动作,可靠执行,特定应用功能,特定语义功能,信息权限,设备联通,条件判断,信息存储与提取,识别与理解,通用"
你是公共管理领域的硕士一年级学生，请写一份2000字左右的学年总结,"不确定目标理解,虚拟语气理解,个性化知识理解,自主寻找,信息分析,信息存储与提取,生成"
想一个生日庆祝计划,"抗冗余表达干扰,情境感知,隐性步骤提取,自主寻找,条件判断,偏好分析,信息存储与提取,情感,生成"
明天的天气如何,"口语化表达理解,特定语义功能,自主寻找,条件判断,信息存储与提取"
帮我放一些轻快舒缓的歌,"不确定目标理解,模糊范围程度理解,模糊指代理解,特定执行动作,特定应用功能,特定语义功能,自主寻找,信息处理,识别与理解"
搜索监督学习为关键词的相关文献,"特定语义功能,自主寻找,信息权限,信息处理"
在提醒事项里设定明天的办理签证事情,"非常规表达理解,个性化知识理解,特定应用功能,特定语义功能,信息获取,条件判断,信息存储与提取"
我的身体健康状况,"自主寻找,信息权限,条件判断,信息处理,信息存储与提取,通用,专业"
帮我叫一下一起打游戏的人上线,"不确定方法理解,模糊指代理解,口语化表达理解,个性化知识理解,特定应用功能,信息获取"
我现在有事，用我的口吻回一下微信消息,"不确定方法理解,不确定目标理解,模糊指代理解,语序语气理解,个性化知识理解,特定应用功能,特定语义功能,信息获取,信息处理,信息存储与提取,通用,生成"
帮我订下午四点的闹钟抢戏票,"不确定目标理解,特定应用功能,特定语义功能,设备联通,信息处理,信息存储与提取"
小度小度导航到最近的加油站同时搜索当日油价,"语序语气理解,情境感知,任务调度,特定应用功能,特定语义功能,自主寻找,信息运算,信息存储与提取"
股份回购是啥呀？,"口语化表达理解,自主寻找,信息分析"
【在房间】打开空调，调整到27度,"特定执行动作,特定应用功能"
请帮我检查一下这段代码中的bug：“xxx”,"定冠词指代理解,情境感知,特定应用功能,自主寻找,条件判断,信息处理,信息存储与提取,专业"
帮我查找并朗读一下这本书的书评,"定冠词指代理解,特定执行动作,特定语义功能,自主寻找,信息运算"
帮我重要的日程设置闹铃,"个性化知识理解,隐性步骤提取,任务调度,特定语义功能,信息获取,条件判断,偏好分析"
天猫精灵，帮12345678901的手机号码充话费,"不确定方法理解,特定应用功能,特定语义功能,信息权限,信息处理"
播放《极乐净土》,"隐性步骤提取,特定执行动作,特定语义功能,自主寻找,条件判断"
帮我分析一下这两篇文章的异同,"特定语义功能,信息获取,条件判断,信息处理,信息存储与提取,识别与理解"
定一个下午两点钟的闹钟,"不确定目标理解,隐性步骤提取,特定执行动作,特定应用功能,信息运算,信息存储与提取"
【在代码编辑器中】代码是否存在问题,"不确定目标理解,情境感知,自主寻找,条件判断,信息处理,专业"
定一个8点的闹钟,"缺失限定语理解,句子成分缺失理解,特定应用功能"
提取这篇文献的主要研究内容及结论,"定冠词指代理解,自主寻找,信息分析,信息存储与提取,识别与理解,通用,专业"
我想继续在b站看昨天晚上没看完的综艺,"语义揣测,特定执行动作,特定应用功能,特定语义功能,自主寻找,信息运算,条件判断"
帮我挂一个今天医院放射科的号,"不确定目标理解,缺失限定语理解,非常规表达理解,特定执行动作,特定语义功能,信息权限,信息处理,信息存储与提取,通用"
你是四大律所的实习律师，请你根据这位客户的资料，收集相关法条,"定冠词指代理解,虚拟语气理解,自主寻找,信息权限,条件判断,信息处理,信息存储与提取,识别与理解"
发一条微博，内容如下，这个项目谁想做谁做我不干了，配图一张鲁迅我不干了表情包,"模糊指代理解,语序语气理解,大信息量理解,隐性步骤提取,特定应用功能,自主寻找,信息处理,生成"
导航到学校并放音乐,"不确定方法理解,不确定目标理解,情境感知,个性化知识理解,任务调度,特定执行动作,可靠执行,特定应用功能,特定语义功能,信息获取"
请帮我定个明天早上的闹钟,"不确定目标理解,模糊范围程度理解,特定应用功能,设备联通"
推荐汇报PPT模板,"特定语义功能,自主寻找,偏好分析,信息存储与提取,专业"
想摸小狗了（自动查找附近宠物店）,"模糊表达理解,情境感知,个性化知识理解,语义揣测,隐性步骤提取,特定应用功能,特定语义功能,自主寻找,情感"
帮我和闺蜜说今晚累了不出门,"不确定方法理解,别名理解,语序语气理解,个性化知识理解,特定语义功能"
我想用一千块穷游大理（规划行程及预算）,"不确定目标理解,个性化知识理解,语义揣测,特定语义功能,自主寻找,信息运算,条件判断,偏好分析,信息存储与提取,通用"
帮我翻译一下这个文章,"定冠词指代理解,特定语义功能,自主寻找,信息分析,信息存储与提取,通用"
在我运动完后帮我做好今天的晚饭,"不确定目标理解,模糊范围程度理解,情境感知,个性化知识理解,设置条件触发,任务调度,特定执行动作,复杂任务,特定语义功能,设备联通,偏好分析,信息处理,识别与理解,通用"
查找附近跑步线路和天气、路况,"不确定方法理解,情境感知,特定应用功能,特定语义功能,自主寻找,信息运算,条件判断,信息处理,信息存储与提取"
找一下es战队本月的赛程并列出来,"不确定目标理解,自主寻找,信息处理,信息存储与提取"
【对着待办事项】这些任务我应该先做哪个比较好,"定冠词指代理解,语序语气理解,抗冗余表达干扰,情境感知,信息获取,偏好分析,通用"
打开微博查找关注的人的动态,"隐性步骤提取,特定应用功能,信息权限,条件判断"
梳理一下养老金改革的历史沿革，2000字以上,"自主寻找,条件判断,通用,专业"
请帮我打开soul的信息,"不确定目标理解,非常规表达理解,特定应用功能,特定语义功能,信息权限"
给猫咪加一根猫条,"不确定方法理解,情境感知,特定执行动作,特定语义功能,信息获取,信息处理,信息存储与提取,识别与理解"
帮我找一下附近的餐厅,"模糊范围程度理解,特定应用功能,特定语义功能,自主寻找"
请帮我把水木社区任务拆分成5个子任务，并对应分给5位时间合适的员工后，跟踪其完成进度和统计汇报数据,"不确定目标理解,复杂指令理解,构建循环,隐性步骤提取,任务调度,长任务,复杂任务,特定应用功能,特定语义功能,信息权限,信息运算,信息分析,信息存储与提取,通用"
我想学Pr软件，有没有什么好的教程,"不确定目标理解,模糊指代理解,抗冗余表达干扰,个性化知识理解,特定语义功能,自主寻找,条件判断,偏好分析"
打电话给李小云,"语序语气理解,特定应用功能,特定语义功能"
我想看八角笼中，你看看我什么时候去比较合适，帮我抢个票再安排一下行程,"不确定目标理解,抗冗余表达干扰,复杂逻辑理解,情境感知,个性化知识理解,隐性步骤提取,任务调度,长任务,复杂任务,特定语义功能,自主寻找,信息权限,信息运算,条件判断,偏好分析,信息处理,信息存储与提取,通用"
帮我分析一下这几个理财方案的利弊,"定冠词指代理解,信息获取,条件判断,偏好分析,信息处理,专业,生成"
天猫精灵，帮我查询12345678901的手机号本月本地剩余流量,"复杂任务,自主寻找,信息权限,条件判断,信息处理,信息存储与提取"
请播放歌曲日不落,"不确定目标理解,特定执行动作,可靠执行,特定语义功能,信息获取"
打开小红书,"特定应用,特定语义功能"
在微信群里问大家今晚有没有空一起打麻将,"模糊指代理解,句子成分缺失理解,个性化知识理解,特定应用功能,自主寻找,信息处理"
帮我礼貌地回复未接到的电话,"模糊指代理解,语序语气理解,句子成分缺失理解,特定应用功能,特定语义功能,自主寻找,信息处理,信息存储与提取,情感,生成"
如何评价《三体》这本书,"自主寻找,信息分析,通用,生成"
我要看戏了（手机调静音）,"不确定方法理解,个性化知识理解,语义揣测,特定应用功能,信息获取,通用"
定一个19点的闹钟，并备注抢票,"特定应用功能,特定语义功能,信息处理"
如何在mac安装python,"不确定方法理解,不确定目标理解,可靠执行,特定语义功能,自主寻找,智能"
找一张无语的表情包发给室友王,"不确定目标理解,缺失限定语理解,个性化知识理解,特定应用功能,特定语义功能,信息获取,条件判断,信息存储与提取"
请帮我播放适合这个party的歌,"情境感知,特定执行动作,特定语义功能,信息获取,信息处理,智能"
给我讲一个节奏慢点的故事,"个性化知识理解,特定语义功能,信息获取,偏好分析,信息存储与提取,通用,生成"
去门口把外卖拿进来,"不确定方法理解,不确定目标理解,模糊指代理解,特定执行动作,特定语义功能,设备联通,识别与理解"
打开QQ音乐，播放《稻香》，并单曲循环,"特定执行动作,长任务,特定应用功能,特定语义功能,自主寻找"
给我定制一个跑步十公里的歌单,"个性化知识理解,特定语义功能,信息获取,信息运算,信息存储与提取"
替我回复拒绝A的短信,"不确定方法理解,模糊指代理解,情境感知,特定应用功能,特定语义功能,信息获取,信息处理,信息存储与提取,情感,生成"
【对着当前的文档】整理信息,"不确定方法理解,不确定目标理解,操作,自主寻找,信息处理,信息存储与提取,识别与理解,通用"
你是一位社会科学国际关系的博士生导师，阅读这篇文献，帮我总结主要内容,"虚拟语气理解,情境感知,信息获取,信息分析,信息存储与提取,识别与理解,专业,生成"
微信最近10个联系人是工作分组的消息未回复的帮我回个收到,"语序语气理解,句子成分缺失理解,隐性步骤提取,特定应用功能,特定语义功能,信息权限,信息分析,信息存储与提取"
请帮我查一下下面这个报错如何解决,"定冠词指代理解,情境感知,自主寻找,条件判断,信息处理,专业"
在群聊里回复“好的”,"模糊指代理解,句子成分缺失理解,个性化知识理解,特定应用功能"
请帮我回复I'm Busy的默认信息,"不确定方法理解,不确定目标理解,抗冗余表达干扰,情境感知,信息权限,条件判断,信息存储与提取"
【正在输入消息页面时】帮我想想怎么更好的表达我想请假的意图,"口语化表达理解,情境感知,个性化知识理解,语义揣测,信息获取,信息分析,信息存储与提取,通用,情感,生成"
我想吃菠萝包（下单菠萝包外卖）,"不确定方法理解,不确定目标理解,情境感知,语义揣测,自主寻找,条件判断,通用"
请帮我购买最新的ipad，到货地址为住家,"不确定方法理解,不确定目标理解,非常规表达理解,个性化知识理解,任务调度,可靠执行,特定应用功能,自主寻找,信息权限,条件判断,信息存储与提取"
帮我生成一个适合与我在绘画时倾听的歌单,"情境感知,个性化知识理解,自主寻找,偏好分析,信息存储与提取,生成"
把空调的风调成适合午睡的模式,"模糊范围程度理解,个性化知识理解,特定执行动作,特定应用功能,特定语义功能,信息获取"
帮我调整角度和光影拍出ins风格的照片,"不确定方法理解,情境感知,个性化知识理解,特定执行动作,特定应用功能,特定语义功能,设备联通,信息获取,信息分析,通用,专业"
如果你是一名研究员，请整理NLP相关文献，并将每篇文章的摘要摘取出来,"虚拟语气理解,自主寻找,信息处理,信息存储与提取,识别与理解,通用"
帮我整理公司附近5公里以内，预算每月4000及以下的一居室的房屋信息，以表格形式呈现,"大信息量理解,个性化知识理解,特定应用功能,特定语义功能,自主寻找,信息运算,条件判断,信息处理,信息存储与提取"
请帮我翻译并润色这段学术性文字：“xxx”,"高级智能理解,特定语义功能,信息获取,信息分析,通用,专业,生成"
根据所关注的有关上市创业公司微信公众号，规划最优路线,"不确定方法理解,不确定目标理解,复杂逻辑理解,个性化知识理解,任务调度,复杂任务,特定应用功能,自主寻找,信息运算,条件判断"
校对这篇会议记录是否有错别字：“xxx”,"定冠词指代理解,特定语义功能,信息获取,信息分析,通用"
打开音乐，播放如愿,"不确定目标理解,特定执行动作,特定应用功能,特定语义功能,自主寻找,信息分析"
请帮我将需要完成的事情进行记录，并进行提醒,"不确定方法理解,模糊指代理解,口语化表达理解,个性化知识理解,设置条件触发,任务调度,特定执行器件,特定语义功能,信息获取,信息处理,信息存储与提取"
查找附近的加油站,"模糊范围程度理解,情境感知,个性化知识理解,特定应用功能,特定语义功能,自主寻找,条件判断"
我起不来，你把窗帘拉开让我清醒会,"不确定方法理解,模糊范围程度理解,语序语气理解,抗冗余表达干扰,特定执行动作,特定语义功能,设备联通,通用"
打开省电模式,"口语化表达理解,特定执行动作"
请帮我画一幅主题为人工智能的画,"抗冗余表达干扰,语义揣测,通用,专业,生成"
请推荐评分超过9的惊悚电影,"不确定方法理解,缺失限定语理解,自主寻找,条件判断,偏好分析"
【工作时】我想听歌,"不确定方法理解,情境感知,语义揣测,特定执行动作,特定语义功能,信息获取,偏好分析,信息存储与提取"
教我做佛跳墙，适合新手，一步步教,"不确定方法理解,语序语气理解,抗冗余表达干扰,个性化知识理解,隐性步骤提取,自主寻找,信息运算,条件判断,信息处理,信息存储与提取,通用"
把以下这段话翻译为英文：“xxx”,"定冠词指代理解,口语化表达理解,特定语义功能,信息获取,信息处理,通用"
ddl前一天提醒我交作业,"缺失限定语理解,个性化知识理解,设置条件触发,隐性步骤提取,任务调度,特定执行动作,信息权限,条件判断,信息存储与提取"
我想听法国香颂风格的歌曲,"不确定方法理解,不确定目标理解,特定语义功能,信息获取,信息处理,信息存储与提取"
在滴答清单帮我安排一个任务，主题是学术会议，时间是下周一下午3点，提前一小时提醒我,"抗冗余表达干扰,复杂逻辑理解,任务调度,特定应用功能,操作,信息获取,信息处理,信息存储与提取"
请帮我查查最新新出的小说，告诉我哪些评价比较好,"不确定方法理解,模糊范围程度理解,自主寻找,信息分析"
【在做菜app浏览一个菜谱】帮我根据这个菜谱做菜,"定冠词指代理解,隐性步骤提取,任务调度,特定执行动作,可靠执行,特定语义功能,信息获取,信息分析,识别与理解,专业"
打开豆瓣，告诉我最近风评最好的电影是哪部，主要内容是什么,"模糊范围程度理解,特定应用功能,自主寻找,偏好分析,信息处理,信息存储与提取,通用"
从现在开始记录会议，结束后整理一份文字稿,"不确定方法理解,口语化表达理解,任务调度,长任务,信息获取,信息处理,信息存储与提取,通用"
请把我设置上午10点的闹钟,"不确定方法理解,不确定目标理解,非常规表达理解,设置条件触发,隐性步骤提取,任务调度,特定应用功能,特定语义功能,信息处理"
请帮我看朋友圈，并在有需要时点赞,"设置条件触发,特定应用功能,特定语义功能"
规划到学校最近路线及时间,"抗冗余表达干扰,个性化知识理解,语义揣测,任务调度,信息获取,条件判断,信息存储与提取,通用"
最近的行程提醒我一下,"语序语气理解,个性化知识理解,信息权限,条件判断,信息存储与提取"
把车内空调打开,"特定执行器件,特定应用功能"
微博热搜有什么新八卦,"特定应用功能,自主寻找,条件判断"
帮我定去广西的高铁票,"不确定方法理解,模糊范围程度理解,模糊指代理解,个性化知识理解,隐性步骤提取,特定语义功能,自主寻找,信息权限,条件判断,信息存储与提取"
请帮我打开空调，并设置7小时之后关闭,"任务调度,特定执行动作,特定应用功能,特定语义功能,条件判断,信息存储与提取"
帮我美团上点一个“酸菜鱼”的外卖,"不确定方法理解,别名理解,个性化知识理解,可靠执行,特定应用功能,信息权限"
